,Rating,Price,Processor,OS,Disk_Drive(SSD_GB),Brand,RAM_Type,RAM_GB,Inches
0,4.2,36990.0,Intel Core i3 Processor,  Windows 11  ,256,Lenovo,DDR4 ,8,15.6
1,4.2,39990.0,Intel Core i3 Processor,  Windows 11  ,512,Lenovo,DDR4 ,8,15.6
2,4.3,32990.0,Intel Core i3 Processor,  Windows 11  ,512,ASUS,DDR4 ,8,15.6
3,4.4,49990.0,AMD Ryzen 5 Hexa Core Processor,  Windows 10  ,512,HP,DDR4 ,8,15.6
4,4.4,49990.0,Intel Core i5 Processor,Windows 11  ,512,ASUS,DDR4 ,8,15.6
5,4.2,36990.0,Intel Core i3 Processor,  Windows 11  ,256,HP,DDR4 ,8,15.6
6,4.3,38990.0,Intel OptaneIntel Core i3 Processor,Windows 11  ,256,DELL,DDR4 ,8,15.6
7,4.1,39990.0,Intel Core i5 Processor,Windows 11  ,512,RedmiBook,DDR4 ,8,15.6
8,4.4,46990.0,Intel Core i3 Processor,  Windows 10  ,256,realme,DDR4 ,8,15.6
9,4.1,44990.0,AMD Ryzen 7 Quad Core Processor,  Windows 11  ,512,ASUS,DDR4 ,16,15.6
10,4.4,59990.0,AMD Ryzen 5 Hexa Core Processor,  Windows 11  ,512,HP,DDR4 ,8,15.6
11,4.2,38705.0,AMD Ryzen 5 Quad Core Processor,  Windows 11  ,512,Lenovo,DDR4 ,8,15.6
12,4.3,32990.0,Intel Core i3 Processor,  Windows 11  ,256,ASUS,DDR4 ,8,15.6
13,4.4,52990.0,AMD Ryzen 5 Hexa Core Processor,  Windows 11  ,512,ASUS,DDR4 ,8,17.3
14,4.3,29990.0,Intel Core i3 Processor,  Windows 11  ,256,acer,DDR4 ,8,15.6
15,4.3,196990.0,AMD Ryzen 9 Octa Core Processor,Windows 11  ,1000,ASUS,DDR5 ,16,15.6
16,4.3,47990.0,Intel Core i5 Processor,  Windows 11  ,256,ASUS,DDR4 ,8,15.6
17,4.3,45990.0,Intel Core i5 Processor,  Windows 11  ,512,ASUS,DDR4 ,8,15.6
18,4.4,47990.0,AMD Ryzen 5 Hexa Core Processor,  Windows 11  ,512,MSI,DDR4 ,8,15.6
19,4.6,85990.0,AMD Ryzen 7 Octa Core Processor,Windows 11  ,1000,ASUS,DDR4 ,16,15.6
20,4.7,88990.0,Apple M1 Processor,Mac OS  ,256,APPLE,DDR4 ,8,13.3
21,4.2,40990.0,Intel Core i3 Processor,  Windows 11  ,512,HP,DDR4 ,8,15.6
22,3.7,19490.0,Intel Celeron Dual Core Processor,DOS  ,256,Lenovo,LPDDR4 ,4,15.6
23,4.2,35590.0,AMD Ryzen 3 Dual Core Processor,  Windows 11  ,512,Lenovo,DDR4 ,8,15.6
24,4.3,65990.0,Intel Core i5 Processor,  Windows 11  ,512,HP,DDR4 ,8,15.6
25,4.1,39990.0,Intel Core i5 Processor,Windows 11  ,512,RedmiBook,DDR4 ,8,15.6
26,4.2,39990.0,Intel Core i3 Processor,  Windows 11  ,512,Lenovo,DDR4 ,8,15.6
27,4.3,196990.0,AMD Ryzen 9 Octa Core Processor,Windows 11  ,1000,ASUS,DDR5 ,16,15.6
28,4.3,58990.0,Intel Core i5 Processor,  Windows 11  ,512,acer,DDR4 ,16,15.6
29,4.4,46990.0,Intel Core i3 Processor,  Windows 10  ,256,realme,DDR4 ,8,15.6
30,4.2,38705.0,AMD Ryzen 5 Quad Core Processor,  Windows 11  ,512,Lenovo,DDR4 ,8,15.6
31,4.6,85990.0,AMD Ryzen 7 Octa Core Processor,Windows 11  ,1000,ASUS,DDR4 ,16,15.6
32,4.2,24990.0,AMD Ryzen 3 Dual Core Processor,  Windows 11  ,256,acer,DDR4 ,8,15.6
33,4.4,47990.0,AMD Ryzen 5 Hexa Core Processor,  Windows 11  ,512,acer,DDR4 ,8,15.6
34,4.4,73990.0,AMD Ryzen 7 Octa Core Processor,  Windows 11  ,512,ASUS,DDR4 ,8,17.3
35,4.2,53490.0,Intel Core i5 Processor,  Windows 11  ,512,Lenovo,DDR4 ,8,15.6
36,4.2,35590.0,AMD Ryzen 3 Dual Core Processor,  Windows 11  ,512,Lenovo,DDR4 ,8,15.6
37,4.9,150990.0,AMD Ryzen 9 Octa Core Processor,Windows 11  ,1000,ASUS,DDR4 ,16,15.6
38,4.3,51990.0,Intel Core i5 Processor,  Windows 11  ,512,Lenovo,DDR4 ,8,15.6
39,4.7,66990.0,Intel Core i5 Processor,  Windows 11  ,512,ASUS,DDR4 ,16,15.6
40,4.2,36990.0,Intel Core i3 Processor,  Windows 11  ,256,Lenovo,DDR4 ,8,15.6
41,4.3,194990.0,AMD Ryzen 9 Octa Core Processor,  Windows 11  ,1000,ASUS,DDR5 ,16,15.6
42,4.4,51990.0,AMD Ryzen 5 Hexa Core Processor,  Windows 11  ,512,acer,DDR4 ,16,15.6
43,3.9,25990.0,AMD Athlon Dual Core Processor,  Windows 11  ,256,HP,DDR4 ,8,15.6
44,4.2,35990.0,AMD Ryzen 5 Quad Core Processor,  Windows 11  ,512,acer,DDR4 ,8,15.6
45,4.2,43990.0,Intel Core i5 Processor,  Windows 11  ,512,ASUS,DDR4 ,8,15.6
46,4.3,44990.0,AMD Ryzen 5 Hexa Core Processor,  Windows 11  ,512,Lenovo,DDR4 ,8,15.6
47,3.7,64490.0,AMD Ryzen 5 Hexa Core Processor,  Windows 11  ,512,Lenovo,DDR4 ,8,15.6
48,4.4,40990.0,Intel Core i3 Processor,  Windows 11  ,256,ASUS,DDR4 ,8,15.6
49,4.4,38990.0,Intel Core i3 Processor,  Windows 11  ,512,ASUS,DDR4 ,8,15.6
50,4.2,36990.0,Intel Core i3 Processor,  Windows 11  ,256,Lenovo,DDR4 ,8,15.6
51,4.1,39990.0,Intel Core i5 Processor,Windows 11  ,512,RedmiBook,DDR4 ,8,15.6
52,4.2,58990.0,Intel Core i5 Processor,  Windows 11  ,512,HP,DDR4 ,8,15.6
53,4.4,59990.0,Intel Evo Core i5 ProcessorIntel Core i5 Processor,  Windows 10  ,512,realme,DDR4 ,8,15.6
54,4.4,47990.0,Intel Core i5 Processor,  Windows 10  ,512,acer,DDR4 ,8,15.6
55,4.2,37499.0,AMD Ryzen 3 Quad Core Processor,  Windows 11  ,512,HP,DDR4 ,8,15.6
56,4.3,196990.0,AMD Ryzen 9 Octa Core Processor,Windows 11  ,1000,ASUS,DDR5 ,16,15.6
57,4.2,38705.0,AMD Ryzen 5 Quad Core Processor,  Windows 11  ,512,Lenovo,DDR4 ,8,15.6
58,4.1,94990.0,AMD Ryzen 9 Octa Core Processor,  Windows 10  ,1000,ASUS,DDR4 ,8,15.6
59,4.3,32990.0,Intel Core i3 Processor,  Windows 11  ,512,ASUS,DDR4 ,8,15.6
60,4.6,85990.0,AMD Ryzen 7 Octa Core Processor,Windows 11  ,1000,ASUS,DDR4 ,16,15.6
61,4.2,35590.0,AMD Ryzen 3 Dual Core Processor,  Windows 11  ,512,Lenovo,DDR4 ,8,15.6
62,4.0,23990.0,Intel Celeron Dual Core Processor,  Windows 11  ,256,ASUS,DDR4 ,4,15.6
63,4.3,48990.0,AMD Ryzen 5 Hexa Core Processor,  Windows 11  ,512,HP,DDR4 ,16,15.6
64,4.7,139990.0,Apple M2 Processor,Mac OS  ,512,APPLE,Unified Memory ,8,13.3
65,4.6,89990.0,AMD Ryzen 7 Octa Core Processor,  Windows 11  ,512,ASUS,DDR4 ,16,15.6
66,4.9,150990.0,AMD Ryzen 9 Octa Core Processor,Windows 11  ,1000,ASUS,DDR4 ,16,15.6
67,4.2,39990.0,Intel Core i3 Processor,  Windows 11  ,512,Lenovo,DDR4 ,8,15.6
68,4.5,59990.0,AMD Ryzen 5 Hexa Core Processor,  Windows 11  ,1000,ASUS,DDR4 ,8,15.6
69,4.6,70990.0,AMD Ryzen 5 Hexa Core Processor,  Windows 11  ,512,DELL,DDR4 ,16,15.6
70,4.3,194990.0,AMD Ryzen 9 Octa Core Processor,  Windows 11  ,1000,ASUS,DDR5 ,16,15.6
71,4.3,44990.0,AMD Ryzen 5 Hexa Core Processor,  Windows 11  ,512,Lenovo,DDR4 ,8,15.6
72,4.2,22990.0,Intel Celeron Quad Core Processor,  Windows 11  ,256,Infinix,LPDDR4X,8,15.6
73,4.3,46990.0,AMD Ryzen 5 Hexa Core Processor,  Windows 11  ,512,HP,DDR4 ,8,15.6
74,4.3,50990.0,Intel Core i5 Processor,Windows 10  ,256,ASUS,DDR4 ,8,15.6
75,4.2,28990.0,Intel Core i3 Processor,  Windows 11  ,256,Infinix,LPDDR4X,8,15.6
76,4.1,39990.0,Intel Core i5 Processor,Windows 11  ,512,RedmiBook,DDR4 ,8,15.6
77,4.2,38705.0,AMD Ryzen 5 Quad Core Processor,  Windows 11  ,512,Lenovo,DDR4 ,8,15.6
78,4.3,84990.0,Intel Core i7 Processor,  Windows 10  ,512,MSI,DDR4 ,16,15.6
79,4.8,181990.0,Apple M1 Pro Processor,Mac OS  ,512,APPLE,Unified Memory ,16,14.2
80,4.3,196990.0,AMD Ryzen 9 Octa Core Processor,Windows 11  ,1000,ASUS,DDR5 ,16,15.6
81,4.6,85990.0,AMD Ryzen 7 Octa Core Processor,Windows 11  ,1000,ASUS,DDR4 ,16,15.6
82,4.6,109990.0,AMD Ryzen 9 Octa Core Processor,  Windows 11  ,1000,MSI,DDR4 ,16,15.6
83,4.4,32990.0,Qualcomm Snapdragon 7c Gen 2 Processor,Windows 11  ,512,SAMSUNG,LPDDR4X,4,15.6
84,4.1,37990.0,Intel Core i5 Processor,  Windows 11  ,512,Infinix,LPDDR4X,16,15.6
85,5.0,139990.0,Apple M2 Processor,Mac OS  ,512,APPLE,Unified Memory ,8,13.6
86,4.2,35590.0,AMD Ryzen 3 Dual Core Processor,  Windows 11  ,512,Lenovo,DDR4 ,8,15.6
87,4.9,150990.0,AMD Ryzen 9 Octa Core Processor,Windows 11  ,1000,ASUS,DDR4 ,16,15.6
88,4.4,29990.0,Intel Core i3 Processor,  Windows 11  ,256,Lenovo,DDR4 ,4,15.6
89,4.3,19490.0,Intel Celeron Dual Core Processor,Chrome  ,512,Lenovo,DDR4 ,4,15.6
90,4.2,36990.0,Intel Core i3 Processor,  Windows 11  ,256,Lenovo,DDR4 ,8,15.6
91,4.5,73490.0,AMD Ryzen 7 Octa Core Processor,  Windows 11  ,512,Lenovo,DDR4 ,8,15.6
92,4.4,52990.0,AMD Ryzen 5 Hexa Core Processor,  Windows 11  ,256,ASUS,DDR4 ,8,15.6
93,4.2,41890.0,Intel Core i3 Processor,  Windows 11  ,512,HP,DDR4 ,8,15.6
94,4.2,30428.0,Intel Pentium Silver Processor,  Windows 11  ,256,DELL,DDR4 ,8,15.6
95,4.1,34990.0,Intel Core i3 Processor,  Windows 11  ,512,acer,DDR4 ,8,15.6
96,4.3,19490.0,Intel Celeron Dual Core Processor,Chrome  ,512,Lenovo,DDR4 ,4,15.6
97,4.4,29990.0,Intel Core i3 Processor,  Windows 11  ,256,Lenovo,DDR4 ,4,15.6
98,4.7,88990.0,Apple M1 Processor,Mac OS  ,256,APPLE,DDR4 ,8,13.3
99,4.2,36990.0,Intel Core i3 Processor,  Windows 11  ,256,Lenovo,DDR4 ,8,15.6
100,4.4,65990.0,Intel Core i7 Processor,  Windows 10  ,512,MSI,DDR4 ,8,15.6
101,4.1,33490.0,Intel Core i3 Processor,  Windows 11  ,512,ASUS,DDR4 ,8,15.6
102,4.1,60990.0,Intel Core i5 Processor,  Windows 11  ,512,HP,DDR4 ,16,15.6
103,4.2,39990.0,Intel Core i3 Processor,  Windows 11  ,512,Lenovo,DDR4 ,8,15.6
104,4.3,46990.0,AMD Ryzen 5 Hexa Core Processor,  Windows 11  ,512,HP,DDR4 ,8,15.6
105,4.3,59990.0,AMD Ryzen 7 Octa Core Processor,  Windows 11  ,512,ASUS,DDR4 ,16,15.6
106,4.2,114990.0,Intel Core i7 Processor,  Windows 10  ,1000,MSI,DDR4 ,16,15.6
107,4.1,39990.0,Intel Core i5 Processor,Windows 11  ,512,RedmiBook,DDR4 ,8,15.6
108,4.3,119990.0,Intel Core i7 Processor,Windows 10  ,1000,ASUS,DDR4 ,16,15.6
109,4.3,42990.0,Intel Core i5 Processor,  Windows 11  ,512,Infinix,LPDDR4X,8,15.6
110,4.6,89990.0,Intel Core i5 Processor,  Windows 11  ,512,ASUS,LPDDR5 ,16,15.6
111,4.2,38705.0,AMD Ryzen 5 Quad Core Processor,  Windows 11  ,512,Lenovo,DDR4 ,8,15.6
112,4.5,79990.0,AMD Ryzen 7 Octa Core Processor,  Windows 11  ,512,MSI,DDR4 ,8,15.6
113,4.8,70990.0,Intel Core i5 Processor,Windows 11  ,1000,ASUS,DDR4 ,8,15.6
114,4.3,33900.0,Intel Core i3 Processor,Windows 11  ,256,Lenovo,DDR4 ,8,15.6
115,4.3,196990.0,AMD Ryzen 9 Octa Core Processor,Windows 11  ,1000,ASUS,DDR5 ,16,15.6
116,4.4,59990.0,Intel Evo Core i5 ProcessorIntel Core i5 Processor,  Windows 10  ,512,realme,DDR4 ,8,15.6
117,4.8,52990.0,Intel Core i7 Processor,  Windows 11  ,512,Infinix,LPDDR4X,16,15.6
118,4.7,124990.0,Apple M1 Processor,Mac OS  ,512,APPLE,DDR4 ,16,13.3
119,4.6,85990.0,AMD Ryzen 7 Octa Core Processor,Windows 11  ,1000,ASUS,DDR4 ,16,15.6
120,4.2,31990.0,Intel Core i3 Processor,Windows 11  ,256,RedmiBook,DDR4 ,8,15.6
121,4.3,66990.0,AMD Ryzen 5 Hexa Core Processor,Windows 11  ,512,acer,DDR4 ,16,15.6
122,5.0,89081.0,AMD Ryzen 7 Octa Core Processor,  Windows 11  ,512,DELL,DDR4 ,16,15.6
123,4.2,36990.0,Intel Core i3 Processor,  Windows 11  ,256,Lenovo,DDR4 ,8,15.6
124,4.7,104990.0,Apple M1 Processor,Mac OS  ,512,APPLE,DDR4 ,8,13.3
125,4.2,53490.0,Intel Core i5 Processor,  Windows 11  ,512,Lenovo,DDR4 ,8,15.6
126,4.5,45990.0,Intel Core i3 Processor,  Windows 11  ,256,ASUS,LPDDR4X,8,15.6
127,4.2,39990.0,Intel Core i3 Processor,  Windows 11  ,512,Lenovo,DDR4 ,8,15.6
128,4.5,45990.0,Intel Core i3 Processor,  Windows 11  ,512,ASUS,DDR4 ,8,15.6
129,4.4,51990.0,Intel Core i5 Processor,  Windows 11  ,512,MSI,DDR4 ,8,15.6
130,4.3,75990.0,AMD Ryzen 7 Octa Core Processor,  Windows 11  ,512,HP,DDR4 ,16,15.6
131,4.1,39990.0,Intel Core i5 Processor,Windows 11  ,512,RedmiBook,DDR4 ,8,15.6
132,4.2,36990.0,Intel Core i3 Processor,  Windows 11  ,256,Lenovo,DDR4 ,8,15.6
133,3.7,78800.0,Intel Core i5 Processor,  Windows 11  ,512,HP,DDR4 ,16,15.6
134,4.2,29390.0,AMD Athlon Dual Core Processor,  Windows 11  ,512,HP,DDR4 ,8,15.6
135,4.2,38705.0,AMD Ryzen 5 Quad Core Processor,  Windows 11  ,512,Lenovo,DDR4 ,8,15.6
136,4.3,30990.0,Intel Core i3 Processor,  Windows 11  ,256,Infinix,LPDDR4X,8,15.6
137,4.1,62490.0,Intel Core i5 Processor,  Windows 11  ,512,Lenovo,DDR4 ,16,15.6
138,3.8,89990.0,Intel Core i7 Processor,  Windows 11  ,512,ASUS,DDR4 ,16,15.6
139,4.3,196990.0,AMD Ryzen 9 Octa Core Processor,Windows 11  ,1000,ASUS,DDR5 ,16,15.6
140,4.1,58899.0,Intel Core i5 Processor,  Windows 11  ,512,HP,DDR4 ,8,15.6
141,4.5,85990.0,Intel Core i5 Processor,  Windows 11  ,512,MSI,DDR4 ,16,15.6
142,3.8,33099.0,AMD Ryzen 3 Dual Core Processor,  Windows 11  ,512,DELL,DDR4 ,8,15.6
143,4.6,85990.0,AMD Ryzen 7 Octa Core Processor,Windows 11  ,1000,ASUS,DDR4 ,16,15.6
144,4.5,73490.0,AMD Ryzen 7 Octa Core Processor,  Windows 11  ,512,Lenovo,DDR4 ,8,15.6
145,4.3,63490.0,Intel Core i5 Processor,  Windows 11  ,256,Lenovo,DDR4 ,8,15.6
146,4.2,36990.0,Intel Core i3 Processor,  Windows 11  ,256,Lenovo,DDR4 ,8,15.6
147,4.2,39990.0,Intel Core i3 Processor,  Windows 11  ,512,Lenovo,DDR4 ,8,15.6
148,4.2,38990.0,AMD Ryzen 5 Quad Core Processor,  Windows 11  ,512,ASUS,DDR4 ,8,15.6
149,4.3,67990.0,Intel Core i5 Processor,  Windows 11  ,512,HP,DDR4 ,8,16.1
150,4.1,39990.0,Intel Core i5 Processor,Windows 11  ,512,RedmiBook,DDR4 ,8,15.6
151,4.3,196990.0,AMD Ryzen 9 Octa Core Processor,Windows 11  ,1000,ASUS,DDR5 ,16,15.6
152,4.2,39790.0,Intel Core i3 Processor,  Windows 11  ,512,HP,DDR4 ,8,15.6
153,4.8,241990.0,Apple M1 Pro Processor,Mac OS  ,1000,APPLE,Unified Memory ,16,16.2
154,4.6,104990.0,Apple M1 Processor,Mac OS  ,512,APPLE,DDR4 ,8,13.3
155,4.1,42190.0,AMD Ryzen 3 Dual Core Processor,  Windows 11  ,512,DELL,DDR4 ,8,15.6
156,4.2,38705.0,AMD Ryzen 5 Quad Core Processor,  Windows 11  ,512,Lenovo,DDR4 ,8,15.6
157,4.6,85990.0,AMD Ryzen 7 Octa Core Processor,Windows 11  ,1000,ASUS,DDR4 ,16,15.6
158,4.2,39990.0,Intel Core i3 Processor,  Windows 11  ,512,ASUS,DDR4 ,8,15.6
159,4.5,99990.0,Intel Core i7 Processor,  Windows 11  ,1000,ASUS,DDR5 ,16,15.6
160,4.2,35590.0,AMD Ryzen 3 Dual Core Processor,  Windows 11  ,512,Lenovo,DDR4 ,8,15.6
161,4.9,150990.0,AMD Ryzen 9 Octa Core Processor,Windows 11  ,1000,ASUS,DDR4 ,16,15.6
162,4.3,309490.0,Apple M1 Max Processor,Mac OS  ,1000,APPLE,Unified Memory ,32,16.2
163,4.4,64990.0,Intel Core i5 Processor,  Windows 11  ,256,ASUS,DDR4 ,16,15.6
164,4.6,89990.0,AMD Ryzen 7 Octa Core Processor,  Windows 11  ,512,ASUS,DDR4 ,16,15.6
165,4.5,85990.0,AMD Ryzen 7 Octa Core Processor,  Windows 10  ,512,ASUS,DDR4 ,16,17.3
166,4.3,194990.0,AMD Ryzen 9 Octa Core Processor,  Windows 11  ,1000,ASUS,DDR5 ,16,15.6
167,4.3,44990.0,AMD Ryzen 5 Hexa Core Processor,  Windows 11  ,512,Lenovo,DDR4 ,8,15.6
168,4.8,222990.0,Apple M1 Pro Processor,Mac OS  ,1000,APPLE,Unified Memory ,16,14.2
169,4.3,15990.0,Intel Celeron Dual Core Processor,DOS  ,128,Ultimus,LPDDR4 ,4,14.1
170,4.2,36990.0,Intel Core i3 Processor,  Windows 11  ,256,Lenovo,DDR4 ,8,15.6
171,4.2,39990.0,Intel Core i3 Processor,  Windows 11  ,512,Lenovo,DDR4 ,8,15.6
172,4.3,45900.0,Intel OptaneIntel Core i3 Processor,  Windows 11  ,256,DELL,DDR4 ,8,15.6
173,4.3,79990.0,Intel Core i7 Processor,  Windows 11  ,512,ASUS,LPDDR4X,16,13.3
174,4.4,56990.0,Intel Core i5 Processor,Windows 11  ,512,ASUS,DDR4 ,8,15.6
175,4.2,34990.0,AMD Ryzen 3 Dual Core Processor,  Windows 11  ,256,DELL,DDR4 ,8,15.6
176,4.1,39990.0,Intel Core i5 Processor,Windows 11  ,512,RedmiBook,DDR4 ,8,15.6
177,4.3,196990.0,AMD Ryzen 9 Octa Core Processor,Windows 11  ,1000,ASUS,DDR5 ,16,15.6
178,3.4,43580.0,Intel Core i3 Processor,  Windows 11  ,512,DELL,DDR4 ,8,15.6
179,5.0,74990.0,AMD Ryzen 5 Hexa Core Processor,  Windows 10  ,512,Lenovo,DDR4 ,16,13.3
180,4.2,38705.0,AMD Ryzen 5 Quad Core Processor,  Windows 11  ,512,Lenovo,DDR4 ,8,15.6
181,4.6,85990.0,AMD Ryzen 7 Octa Core Processor,Windows 11  ,1000,ASUS,DDR4 ,16,15.6
182,4.3,37490.0,Intel Core i3 Processor,  Windows 10  ,512,Lenovo,DDR4 ,8,15.6
183,4.2,20990.0,Intel Celeron Quad Core Processor,  Windows 11  ,128,Infinix,LPDDR4X,4,15.6
184,4.6,109990.0,Intel Core i7 Processor,  Windows 11  ,512,MSI,DDR4 ,16,15.6
185,4.7,71990.0,Intel Core i5 Processor,  Windows 11  ,512,ASUS,LPDDR4 ,16,13.3
186,4.2,35590.0,AMD Ryzen 3 Dual Core Processor,  Windows 11  ,512,Lenovo,DDR4 ,8,15.6
187,4.9,150990.0,AMD Ryzen 9 Octa Core Processor,Windows 11  ,1000,ASUS,DDR4 ,16,15.6
188,4.3,32990.0,Intel Core i3 Processor,  Windows 11  ,512,Infinix,LPDDR4X,8,15.6
189,4.5,43990.0,AMD Ryzen 5 Hexa Core Processor,  Windows 10  ,512,MSI,DDR4 ,8,15.6
190,4.5,73490.0,AMD Ryzen 7 Octa Core Processor,  Windows 11  ,512,Lenovo,DDR4 ,8,15.6
191,4.3,194990.0,AMD Ryzen 9 Octa Core Processor,  Windows 11  ,1000,ASUS,DDR5 ,16,15.6
192,3.9,25990.0,AMD Ryzen 3 Dual Core Processor,  Windows 11  ,256,acer,DDR4 ,8,15.6
193,4.4,122990.0,Intel Core i9 Processor,  Windows 10  ,1000,ASUS,DDR4 ,16,15.6
194,4.3,68990.0,Intel Core i5 Processor,Windows 11  ,512,acer,DDR4 ,16,15.6
195,4.3,59990.0,Intel Core i5 Processor,  Windows 11  ,512,acer,DDR4 ,8,15.6
196,4.2,36990.0,Intel Core i3 Processor,  Windows 11  ,256,Lenovo,DDR4 ,8,15.6
197,4.2,39990.0,Intel Core i3 Processor,  Windows 11  ,512,Lenovo,DDR4 ,8,15.6
198,4.4,39990.0,AMD Ryzen 5 Quad Core Processor,  Windows 10  ,512,acer,DDR4 ,8,15.6
199,4.0,37990.0,Intel Core i3 Processor,  Windows 10  ,512,ASUS,DDR4 ,8,15.6
200,4.1,39990.0,Intel Core i5 Processor,Windows 11  ,512,RedmiBook,DDR4 ,8,15.6
201,4.3,196990.0,AMD Ryzen 9 Octa Core Processor,Windows 11  ,1000,ASUS,DDR5 ,16,15.6
202,4.0,25950.0,Intel Celeron Dual Core Processor,  Windows 10  ,256,Lenovo,DDR4 ,4,15.6
203,4.2,64999.0,Intel Core i5 Processor,Windows 11  ,512,realme,LPDDR4X,16,15.6
204,4.4,60990.0,AMD Ryzen 5 Hexa Core Processor,  Windows 11  ,512,HP,DDR4 ,8,15.6
205,4.3,36990.0,Intel Core i3 Processor,  Windows 11  ,512,ASUS,DDR4 ,8,15.6
206,4.2,38705.0,AMD Ryzen 5 Quad Core Processor,  Windows 11  ,512,Lenovo,DDR4 ,8,15.6
207,4.6,85990.0,AMD Ryzen 7 Octa Core Processor,Windows 11  ,1000,ASUS,DDR4 ,16,15.6
208,4.6,59990.0,Intel Core i5 Processor,  Windows 11  ,256,SAMSUNG,LPDDR4X,8,15.6
209,4.8,222990.0,Apple M1 Pro Processor,Mac OS  ,512,APPLE,Unified Memory ,16,16.2
210,4.2,35590.0,AMD Ryzen 3 Dual Core Processor,  Windows 11  ,512,Lenovo,DDR4 ,8,15.6
211,4.9,150990.0,AMD Ryzen 9 Octa Core Processor,Windows 11  ,1000,ASUS,DDR4 ,16,15.6
212,4.3,235283.0,Intel Core i9 Processor,  Windows 11  ,1000,DELL,DDR5 ,16,15.6
213,4.0,38990.0,Intel Core i3 Processor,  Windows 11  ,512,DELL,DDR4 ,8,15.6
214,4.5,67990.0,AMD Ryzen 7 Octa Core Processor,  Windows 11  ,512,ASUS,DDR4 ,16,15.6
215,4.5,79990.0,Intel Core i5 Processor,  Windows 11  ,512,MSI,DDR4 ,16,15.6
216,4.2,36990.0,Intel Core i3 Processor,  Windows 11  ,256,Lenovo,DDR4 ,8,15.6
217,4.1,39990.0,Intel Core i5 Processor,Windows 11  ,512,RedmiBook,DDR4 ,8,15.6
218,4.5,67990.0,AMD Ryzen 7 Octa Core Processor,  Windows 11  ,512,ASUS,DDR4 ,16,15.6
219,4.5,79990.0,Intel Core i5 Processor,  Windows 11  ,512,MSI,DDR4 ,16,15.6
220,4.3,196990.0,AMD Ryzen 9 Octa Core Processor,Windows 11  ,1000,ASUS,DDR5 ,16,15.6
221,4.2,38705.0,AMD Ryzen 5 Quad Core Processor,  Windows 11  ,512,Lenovo,DDR4 ,8,15.6
222,4.3,89990.0,Intel Core i5 Processor,  Windows 11  ,512,ASUS,LPDDR5 ,16,15.6
223,4.7,241990.0,Intel Core i9 Processor,  Windows 11  ,1000,ASUS,DDR5 ,32,15.6
224,4.3,43490.0,Intel Core i5 Processor,Windows 11  ,512,ASUS,DDR4 ,8,15.6
225,4.4,46990.0,Intel Core i3 Processor,  Windows 10  ,256,realme,DDR4 ,8,15.6
226,4.6,85990.0,AMD Ryzen 7 Octa Core Processor,Windows 11  ,1000,ASUS,DDR4 ,16,15.6
227,4.2,35590.0,AMD Ryzen 3 Dual Core Processor,  Windows 11  ,512,Lenovo,DDR4 ,8,15.6
228,4.0,40990.0,AMD Ryzen 5 Quad Core Processor,  Windows 10  ,512,Vaio,DDR4 ,8,15.6
229,4.7,94990.0,Apple M1 Processor,Mac OS  ,256,APPLE,DDR4 ,8,13.3
230,4.9,150990.0,AMD Ryzen 9 Octa Core Processor,Windows 11  ,1000,ASUS,DDR4 ,16,15.6
231,4.2,39990.0,Intel Core i3 Processor,  Windows 11  ,512,Lenovo,DDR4 ,8,15.6
232,4.5,114990.0,Intel Core i7 Processor,  Windows 10  ,1000,MSI,DDR4 ,16,15.6
233,4.6,121990.0,Apple M2 Processor,Mac OS  ,256,APPLE,Unified Memory ,8,13.3
234,4.0,37990.0,Intel Core i3 Processor,  Windows 10  ,512,ASUS,DDR4 ,8,15.6
235,4.1,27990.0,Intel Pentium Silver Processor,  Windows 11  ,256,ASUS,DDR4 ,8,15.6
236,4.3,194990.0,AMD Ryzen 9 Octa Core Processor,  Windows 11  ,1000,ASUS,DDR5 ,16,15.6
237,4.3,44990.0,AMD Ryzen 5 Hexa Core Processor,  Windows 11  ,512,Lenovo,DDR4 ,8,15.6
238,4.2,40190.0,AMD Ryzen 3 Dual Core Processor,  Windows 11  ,512,DELL,DDR4 ,8,15.6
239,4.1,34990.0,AMD Ryzen 3 Dual Core Processor,Windows 11  ,512,Lenovo,DDR4 ,8,15.6
240,4.2,39990.0,Intel Core i3 Processor,  Windows 11  ,512,Lenovo,DDR4 ,8,15.6
241,4.1,39990.0,Intel Core i5 Processor,Windows 11  ,512,RedmiBook,DDR4 ,8,15.6
242,4.7,94990.0,Intel Core i7 Processor,  Windows 10  ,1000,ASUS,LPDDR4X,16,15.6
243,4.4,69990.0,Intel Core i5 Processor,  Windows 11  ,512,Lenovo,DDR4 ,8,15.6
244,4.3,59990.0,Intel Core i5 Processor,  Windows 11  ,512,ASUS,DDR4 ,8,15.6
245,5.0,66990.0,Intel Core i5 Processor,  Windows 11  ,512,ASUS,DDR4 ,16,15.6
246,4.3,196990.0,AMD Ryzen 9 Octa Core Processor,Windows 11  ,1000,ASUS,DDR5 ,16,15.6
247,4.2,38705.0,AMD Ryzen 5 Quad Core Processor,  Windows 11  ,512,Lenovo,DDR4 ,8,15.6
248,4.3,104990.0,Intel Core i7 Processor,  Windows 11  ,512,ASUS,LPDDR4X,16,13.3
249,4.3,54900.0,Intel Core i3 Processor,  Windows 11  ,256,DELL,DDR4 ,8,15.6
250,4.6,85990.0,AMD Ryzen 7 Octa Core Processor,Windows 11  ,1000,ASUS,DDR4 ,16,15.6
251,4.2,35590.0,AMD Ryzen 3 Dual Core Processor,  Windows 11  ,512,Lenovo,DDR4 ,8,15.6
252,4.7,136990.0,AMD Ryzen 7 Octa Core Processor,  Windows 11  ,1000,Lenovo,DDR4 ,16,15.6
253,4.3,48184.0,AMD Ryzen 5 Dual Core Processor,  Windows 11  ,512,DELL,DDR4 ,8,15.6
254,4.5,74990.0,Intel Core i5 Processor,  Windows 11  ,512,ASUS,DDR4 ,16,15.6
255,4.8,60990.0,Intel Core i5 Processor,  Windows 11  ,512,acer,DDR4 ,8,15.6
256,4.9,150990.0,AMD Ryzen 9 Octa Core Processor,Windows 11  ,1000,ASUS,DDR4 ,16,15.6
257,4.2,36990.0,Intel Core i3 Processor,  Windows 11  ,256,Lenovo,DDR4 ,8,15.6
258,4.2,49990.0,AMD Ryzen 5 Hexa Core Processor,  Windows 11  ,512,HP,DDR4 ,8,15.6
259,4.4,67990.0,Intel Core i5 Processor,  Windows 11  ,512,DELL,DDR4 ,8,15.6
260,4.3,194990.0,AMD Ryzen 9 Octa Core Processor,  Windows 11  ,1000,ASUS,DDR5 ,16,15.6
261,4.3,44990.0,AMD Ryzen 5 Hexa Core Processor,  Windows 11  ,512,Lenovo,DDR4 ,8,15.6
262,4.3,58000.0,Intel Core i5 Processor,  Windows 10  ,512,Lenovo,DDR4 ,8,15.6
263,4.3,29990.0,Intel Core i3 Processor,  Windows 11  ,256,Infinix,LPDDR4X,8,15.6
264,4.3,114990.0,AMD Ryzen 7 Octa Core Processor,  Windows 11  ,1000,ASUS,LPDDR5 ,16,13.4
265,4.3,33990.0,AMD Ryzen 3 Dual Core Processor,  Windows 11  ,512,HP,DDR4 ,8,15.6
266,4.1,39990.0,Intel Core i5 Processor,Windows 11  ,512,RedmiBook,DDR4 ,8,15.6
267,4.3,196990.0,AMD Ryzen 9 Octa Core Processor,Windows 11  ,1000,ASUS,DDR5 ,16,15.6
268,4.4,64990.0,AMD Ryzen 5 Hexa Core Processor,  Windows 11  ,512,ASUS,DDR4 ,16,15.6
269,4.3,79990.0,Intel Core i5 Processor,  Windows 11  ,512,Lenovo,DDR4 ,16,15.6
270,4.2,38705.0,AMD Ryzen 5 Quad Core Processor,  Windows 11  ,512,Lenovo,DDR4 ,8,15.6
271,4.6,85990.0,AMD Ryzen 7 Octa Core Processor,Windows 11  ,1000,ASUS,DDR4 ,16,15.6
272,4.2,28990.0,Intel Core i3 Processor,  Windows 11  ,256,Infinix,LPDDR4X,8,15.6
273,4.5,56990.0,AMD Ryzen 5 Dual Core Processor,Windows 11  ,512,ASUS,DDR4 ,8,15.6
274,4.7,81990.0,AMD Ryzen 5 Hexa Core Processor,  Windows 11  ,512,HP,DDR4 ,16,13.3
275,4.5,129990.0,Intel Core i7 Processor,  Windows 10  ,1000,MSI,DDR4 ,16,15.6
276,4.2,35590.0,AMD Ryzen 3 Dual Core Processor,  Windows 11  ,512,Lenovo,DDR4 ,8,15.6
277,4.9,150990.0,AMD Ryzen 9 Octa Core Processor,Windows 11  ,1000,ASUS,DDR4 ,16,15.6
278,4.0,38990.0,AMD Ryzen 3 Dual Core Processor,  Windows 10  ,512,DELL,DDR4 ,8,15.6
279,4.5,79990.0,AMD Ryzen 7 Octa Core Processor,  Windows 10  ,256,HP,DDR4 ,16,15.6
280,4.2,36990.0,Intel Core i3 Processor,  Windows 11  ,256,Lenovo,DDR4 ,8,15.6
281,4.2,39990.0,Intel Core i3 Processor,  Windows 11  ,512,Lenovo,DDR4 ,8,15.6
282,4.7,139990.0,Apple M2 Processor,Mac OS  ,512,APPLE,Unified Memory ,8,13.6
283,4.1,109990.0,Intel Core i7 Processor,  Windows 11  ,1000,ASUS,DDR5 ,16,17.3
284,4.3,154990.0,AMD Ryzen 9 Octa Core Processor,Windows 11  ,1000,ASUS,DDR5 ,16,15.6
285,4.2,62990.0,Intel Core i5 Processor,  Windows 11  ,512,Lenovo,DDR4 ,16,15.6
286,4.3,194990.0,AMD Ryzen 9 Octa Core Processor,  Windows 11  ,1000,ASUS,DDR5 ,16,15.6
287,4.3,44990.0,AMD Ryzen 5 Hexa Core Processor,  Windows 11  ,512,Lenovo,DDR4 ,8,15.6
288,4.4,47990.0,Intel Core i3 Processor,Windows 11  ,512,ASUS,DDR4 ,8,15.6
289,4.6,43667.0,AMD Ryzen 3 Quad Core Processor,  Windows 11  ,512,DELL,DDR4 ,8,15.6
290,4.5,135990.0,AMD Ryzen 7 Octa Core Processor,Windows 11  ,1000,ASUS,DDR5 ,16,15.6
291,4.2,36990.0,Intel Core i3 Processor,  Windows 11  ,256,Lenovo,DDR4 ,8,15.6
292,4.4,98990.0,AMD Ryzen 7 Octa Core Processor,  Windows 11  ,512,ASUS,DDR5 ,16,15.6
293,4.2,46990.0,Intel Core i7 Processor,  Windows 11  ,512,Infinix,LPDDR4X,16,15.6
294,4.3,35990.0,Intel Core i3 Processor,  Windows 11  ,256,ASUS,DDR4 ,8,15.6
295,4.2,39990.0,Intel Core i3 Processor,  Windows 11  ,512,Lenovo,DDR4 ,8,15.6
296,4.3,109990.0,Intel Core i7 Processor,  Windows 11  ,1000,ASUS,DDR5 ,16,17.3
297,4.3,139990.0,Apple M2 Processor,Mac OS  ,512,APPLE,Unified Memory ,8,13.6
298,4.3,74770.0,Intel Core i5 Processor,  Windows 11  ,512,DELL,DDR4 ,8,15.6
299,4.1,39990.0,Intel Core i5 Processor,Windows 11  ,512,RedmiBook,DDR4 ,8,15.6
300,4.3,40799.0,AMD Ryzen 3 Quad Core Processor,  Windows 11  ,512,HP,DDR4 ,8,15.6
301,4.5,69490.0,Intel Core i5 Processor,  Windows 10  ,512,ASUS,DDR4 ,16,15.6
302,4.2,39990.0,Intel Core i3 Processor,  Windows 11  ,512,ASUS,DDR4 ,8,15.6
303,4.2,38705.0,AMD Ryzen 5 Quad Core Processor,  Windows 11  ,512,Lenovo,DDR4 ,8,15.6
304,4.8,99990.0,AMD Ryzen 5 Hexa Core Processor,Windows 11  ,512,ASUS,LPDDR5 ,16,13.3
305,4.8,241990.0,Apple M1 Pro Processor,Mac OS  ,1000,APPLE,Unified Memory ,16,16.2
306,3.9,40990.0,Intel Core i5 Processor,  Windows 11  ,512,acer,DDR4 ,8,15.6
307,4.3,196990.0,AMD Ryzen 9 Octa Core Processor,Windows 11  ,1000,ASUS,DDR5 ,16,15.6
308,4.4,60390.0,Intel Core i5 Processor,  Windows 10  ,512,HP,DDR4 ,8,15.6
309,4.4,69990.0,Intel Core i5 Processor,  Windows 10  ,256,HP,DDR4 ,8,15.6
310,4.0,44990.0,Intel Core i3 Processor,  Windows 11  ,256,ASUS,DDR4 ,8,15.6
311,4.6,85990.0,AMD Ryzen 7 Octa Core Processor,Windows 11  ,1000,ASUS,DDR4 ,16,15.6
312,4.7,44990.0,Intel Core i5 Processor,Windows 11  ,256,ASUS,DDR4 ,8,15.6
313,4.4,60390.0,Intel Core i5 Processor,  Windows 10  ,512,HP,DDR4 ,8,15.6
314,4.5,69490.0,Intel Core i5 Processor,  Windows 10  ,512,ASUS,DDR4 ,16,15.6
315,4.3,40799.0,AMD Ryzen 3 Quad Core Processor,  Windows 11  ,512,HP,DDR4 ,8,15.6
316,4.2,39990.0,Intel Core i3 Processor,  Windows 11  ,512,Lenovo,DDR4 ,8,15.6
317,4.1,39990.0,Intel Core i5 Processor,Windows 11  ,512,RedmiBook,DDR4 ,8,15.6
318,4.3,55990.0,AMD Ryzen 5 Hexa Core Processor,  Windows 11  ,512,HP,DDR4 ,16,15.6
319,4.3,74990.0,Intel Core i5 Processor,  Windows 11  ,512,Lenovo,LPDDR4X,16,15.6
320,4.3,196990.0,AMD Ryzen 9 Octa Core Processor,Windows 11  ,1000,ASUS,DDR5 ,16,15.6
321,4.2,38705.0,AMD Ryzen 5 Quad Core Processor,  Windows 11  ,512,Lenovo,DDR4 ,8,15.6
322,4.4,69990.0,Intel Core i5 Processor,  Windows 10  ,256,HP,DDR4 ,8,15.6
323,4.0,44990.0,Intel Core i3 Processor,  Windows 11  ,256,ASUS,DDR4 ,8,15.6
324,4.5,59990.0,Intel Core i5 Processor,  Windows 11  ,1000,ASUS,DDR4 ,8,15.6
325,4.8,222990.0,Apple M1 Pro Processor,Mac OS  ,512,APPLE,Unified Memory ,16,16.2
326,4.6,85990.0,AMD Ryzen 7 Octa Core Processor,Windows 11  ,1000,ASUS,DDR4 ,16,15.6
327,4.2,35590.0,AMD Ryzen 3 Dual Core Processor,  Windows 11  ,512,Lenovo,DDR4 ,8,15.6
328,4.3,74770.0,Intel Core i5 Processor,  Windows 11  ,512,DELL,DDR4 ,8,15.6
329,4.3,109990.0,Intel Core i7 Processor,  Windows 11  ,1000,ASUS,DDR5 ,16,17.3
330,4.9,150990.0,AMD Ryzen 9 Octa Core Processor,Windows 11  ,1000,ASUS,DDR4 ,16,15.6
331,4.2,36990.0,Intel Core i3 Processor,  Windows 11  ,256,Lenovo,DDR4 ,8,15.6
332,4.3,62990.0,AMD Ryzen 5 Hexa Core Processor,  Windows 11  ,512,acer,DDR4 ,8,15.6
333,3.9,40990.0,Intel Core i5 Processor,  Windows 11  ,512,acer,DDR4 ,8,15.6
334,4.5,58499.0,Intel Core i5 Processor,  Windows 10  ,512,MSI,DDR4 ,8,15.6
335,4.3,65990.0,Intel Core i5 Processor,  Windows 10  ,256,Lenovo,DDR4 ,8,15.6
336,4.2,36990.0,Intel Core i3 Processor,  Windows 11  ,256,Lenovo,DDR4 ,8,15.6
337,4.1,39990.0,Intel Core i5 Processor,Windows 11  ,512,RedmiBook,DDR4 ,8,15.6
338,4.0,111990.0,Intel Core i7 Processor,  Windows 11  ,512,DELL,DDR5 ,16,15.6
339,4.3,68490.0,Intel Core i5 Processor,  Windows 11  ,512,Lenovo,DDR4 ,16,15.6
340,4.3,196990.0,AMD Ryzen 9 Octa Core Processor,Windows 11  ,1000,ASUS,DDR5 ,16,15.6
341,4.2,38705.0,AMD Ryzen 5 Quad Core Processor,  Windows 11  ,512,Lenovo,DDR4 ,8,15.6
342,4.2,46990.0,Intel Core i7 Processor,  Windows 11  ,512,Infinix,LPDDR4X,16,15.6
343,4.3,83990.0,Intel Core i5 Processor,  Windows 10  ,512,ASUS,DDR4 ,8,15.6
344,4.3,54990.0,Intel Core i5 Processor,  Windows 11  ,512,acer,DDR4 ,8,15.6
345,4.0,14990.0,Intel Celeron Dual Core Processor,Chrome  ,512,ASUS,LPDDR4 ,4,11.6
346,4.6,85990.0,AMD Ryzen 7 Octa Core Processor,Windows 11  ,1000,ASUS,DDR4 ,16,15.6
347,4.2,35590.0,AMD Ryzen 3 Dual Core Processor,  Windows 11  ,512,Lenovo,DDR4 ,8,15.6
348,4.7,149990.0,Apple M1 Processor,Mac OS  ,1000,APPLE,DDR4 ,8,13.3
349,3.9,63090.0,Intel Core i5 Processor,  Windows 10  ,512,DELL,DDR4 ,8,15.6
350,4.9,150990.0,AMD Ryzen 9 Octa Core Processor,Windows 11  ,1000,ASUS,DDR4 ,16,15.6
351,4.2,39990.0,Intel Core i3 Processor,  Windows 11  ,512,Lenovo,DDR4 ,8,15.6
352,4.3,200000.0,Intel Core i7 Processor,  Windows 11  ,1000,MSI,DDR5 ,16,15.6
353,4.3,37390.0,Intel Core i3 Processor,  Windows 11  ,256,Lenovo,DDR4 ,8,15.6
354,4.5,63990.0,Intel Core i5 Processor,Windows 11  ,512,ASUS,LPDDR4X,8,15.6
355,4.1,43090.0,Intel Core i3 Processor,  Windows 10  ,512,DELL,DDR4 ,8,15.6
356,4.3,194990.0,AMD Ryzen 9 Octa Core Processor,  Windows 11  ,1000,ASUS,DDR5 ,16,15.6
357,4.3,44990.0,AMD Ryzen 5 Hexa Core Processor,  Windows 11  ,512,Lenovo,DDR4 ,8,15.6
358,4.1,44700.0,Intel Core i3 Processor,  Windows 10  ,256,Lenovo,DDR4 ,4,15.6
359,4.4,41150.0,Intel Core i3 Processor,  Windows 10  ,256,HP,DDR4 ,8,15.6
360,4.2,36990.0,Intel Core i3 Processor,  Windows 11  ,256,Lenovo,DDR4 ,8,15.6
361,4.2,39990.0,Intel Core i3 Processor,  Windows 11  ,512,Lenovo,DDR4 ,8,15.6
362,4.3,33990.0,AMD Ryzen 3 Dual Core Processor,Windows 11  ,256,ASUS,DDR4 ,8,15.6
363,4.3,190890.0,Intel Core i7 Processor,  Windows 11  ,1000,MSI,DDR5 ,16,17.3
364,4.3,174990.0,Intel Core i9 Processor,  Windows 11  ,1000,ASUS,LPDDR5 ,16,13.4
365,3.5,118990.0,AMD Ryzen 7 Octa Core Processor,  Windows 11  ,1000,HP,DDR4 ,16,16.1
366,4.1,39990.0,Intel Core i5 Processor,Windows 11  ,512,RedmiBook,DDR4 ,8,15.6
367,4.3,196990.0,AMD Ryzen 9 Octa Core Processor,Windows 11  ,1000,ASUS,DDR5 ,16,15.6
368,4.5,63980.0,Intel Core i5 Processor,  Windows 11  ,512,ASUS,DDR4 ,16,15.6
369,4.4,54300.0,AMD Ryzen 5 Hexa Core Processor,  Windows 11  ,512,acer,DDR4 ,8,15.6
370,4.2,38705.0,AMD Ryzen 5 Quad Core Processor,  Windows 11  ,512,Lenovo,DDR4 ,8,15.6
371,4.6,85990.0,AMD Ryzen 7 Octa Core Processor,Windows 11  ,1000,ASUS,DDR4 ,16,15.6
372,4.2,36400.0,AMD Ryzen 3 Dual Core Processor,  Windows 11  ,256,DELL,DDR4 ,8,15.6
373,4.3,28590.0,Intel Core i3 Processor,  Windows 10  ,256,ASUS,DDR4 ,4,15.6
374,4.3,69999.0,AMD Ryzen 5 Hexa Core Processor,Windows 11  ,512,DELL,DDR4 ,16,15.6
375,5.0,301990.0,Intel Core i9 Processor,  Windows 11  ,1000,ASUS,DDR5 ,32,15.6
376,4.2,35590.0,AMD Ryzen 3 Dual Core Processor,  Windows 11  ,512,Lenovo,DDR4 ,8,15.6
377,4.9,150990.0,AMD Ryzen 9 Octa Core Processor,Windows 11  ,1000,ASUS,DDR4 ,16,15.6
378,4.3,37000.0,Intel Core i3 Processor,Windows 11  ,256,Lenovo,DDR4 ,8,15.6
379,4.2,64990.0,Intel Core i5 Processor,  Windows 10  ,512,Lenovo,DDR4 ,16,15.6
380,4.5,73490.0,AMD Ryzen 7 Octa Core Processor,  Windows 11  ,512,Lenovo,DDR4 ,8,15.6
381,4.3,194990.0,AMD Ryzen 9 Octa Core Processor,  Windows 11  ,1000,ASUS,DDR5 ,16,15.6
382,4.3,42690.0,Intel Core i3 Processor,  Windows 11  ,256,DELL,DDR4 ,8,14.96
383,5.0,140990.0,AMD Ryzen 7 Octa Core Processor,Windows 11  ,1000,ASUS,DDR5 ,16,15.6
384,4.3,38990.0,Intel Core i3 Processor,  Windows 10  ,256,Lenovo,DDR4 ,4,15.6
385,4.3,128990.0,Intel Core i7 Processor,  Windows 11  ,512,HP,LPDDR4X,16,13.5
386,4.3,54999.0,Intel Core i3 Processor,  Windows 11  ,512,acer,DDR4 ,8,15.6
387,4.2,36990.0,Intel Core i3 Processor,  Windows 11  ,256,Lenovo,DDR4 ,8,15.6
388,4.1,60130.0,Intel Core i5 Processor,  Windows 10  ,256,acer,DDR4 ,8,15.6
389,4.3,29490.0,Intel Pentium Silver Processor,  Windows 11  ,256,acer,DDR4 ,8,15.6
390,4.1,72490.0,Intel Core i5 Processor,  Windows 11  ,512,DELL,DDR4 ,8,15.6
391,4.2,39990.0,Intel Core i3 Processor,  Windows 11  ,512,Lenovo,DDR4 ,8,15.6
392,4.3,73990.0,Intel Core i5 Processor,  Windows 11  ,512,GIGABYTE,DDR4 ,16,15.6
393,4.0,47130.0,Intel Core i5 Processor,  Windows 10  ,512,acer,DDR4 ,8,15.6
394,4.4,55600.0,AMD Ryzen 7 Octa Core Processor,  Windows 10  ,512,Lenovo,DDR4 ,8,15.6
395,4.1,39990.0,Intel Core i5 Processor,Windows 11  ,512,RedmiBook,DDR4 ,8,15.6
396,4.4,49690.0,AMD Ryzen 5 Quad Core Processor,  Windows 10  ,512,DELL,DDR4 ,8,15.6
397,4.3,239990.0,Intel Core i7 Processor,  Windows 11  ,1000,ASUS,DDR5 ,32,15.6
398,4.5,73990.0,Intel Core i5 Processor,  Windows 10  ,512,MSI,DDR4 ,16,15.6
399,4.2,38705.0,AMD Ryzen 5 Quad Core Processor,  Windows 11  ,512,Lenovo,DDR4 ,8,15.6
400,4.4,52490.0,AMD Ryzen 5 Hexa Core Processor,  Windows 10  ,512,HP,DDR4 ,8,15.6
401,4.3,41990.0,Intel Core i3 Processor,Windows 11  ,512,HP,DDR4 ,8,15.6
402,4.3,29990.0,Intel Pentium Quad Core Processor,  Windows 11  ,256,ASUS,DDR4 ,8,15.6
403,4.3,196990.0,AMD Ryzen 9 Octa Core Processor,Windows 11  ,1000,ASUS,DDR5 ,16,15.6
404,4.4,50490.0,Intel Core i5 Processor,  Windows 10  ,512,Nokia,DDR4 ,8,15.6
405,4.4,96490.0,Intel Core i7 Processor,  Windows 10  ,512,acer,DDR4 ,16,15.6
406,4.1,37990.0,Intel Core i5 Processor,  Windows 11  ,512,Infinix,LPDDR4X,16,15.6
407,4.6,85990.0,AMD Ryzen 7 Octa Core Processor,Windows 11  ,1000,ASUS,DDR4 ,16,15.6
408,4.5,74990.0,Intel Core i5 Processor,  Windows 10  ,512,MSI,LPDDR4X,16,15.6
409,4.2,51990.0,Intel Core i5 Processor,  Windows 10  ,512,ASUS,DDR4 ,8,15.6
410,4.2,36990.0,Intel Core i3 Processor,  Windows 11  ,256,Lenovo,DDR4 ,8,15.6
411,4.2,39990.0,Intel Core i3 Processor,  Windows 11  ,512,Lenovo,DDR4 ,8,15.6
412,4.3,71345.0,AMD Ryzen 5 Hexa Core Processor,  Windows 10  ,256,ASUS,DDR4 ,8,15.6
413,4.5,101490.0,Intel Core i7 Processor,  Windows 10  ,1000,ASUS,DDR4 ,16,15.6
414,4.3,274990.0,Intel Core i7 Processor,  Windows 11  ,1000,MSI,DDR5 ,32,15.6
415,4.3,199990.0,AMD Ryzen 9 Octa Core Processor,  Windows 11  ,1000,ASUS,DDR5 ,16,15.6
416,4.1,39990.0,Intel Core i5 Processor,Windows 11  ,512,RedmiBook,DDR4 ,8,15.6
417,4.3,196990.0,AMD Ryzen 9 Octa Core Processor,Windows 11  ,1000,ASUS,DDR5 ,16,15.6
418,3.9,41090.0,Intel Core i3 Processor,  Windows 10  ,256,DELL,DDR4 ,8,15.6
419,4.3,50499.0,Intel Core i5 Processor,  Windows 10  ,256,Lenovo,DDR4 ,8,15.6
420,4.2,38705.0,AMD Ryzen 5 Quad Core Processor,  Windows 11  ,512,Lenovo,DDR4 ,8,15.6
421,4.6,85990.0,AMD Ryzen 7 Octa Core Processor,Windows 11  ,1000,ASUS,DDR4 ,16,15.6
422,4.3,78950.0,AMD Ryzen 7 Octa Core Processor,  Windows 11  ,512,HP,DDR4 ,8,16.1
423,4.3,67990.0,AMD Ryzen 5 Hexa Core Processor,  Windows 11  ,512,Lenovo,LPDDR4X,16,15.6
424,4.0,187990.0,AMD Ryzen 9 Octa Core Processor,  Windows 11  ,1000,ASUS,DDR4 ,16,15.6
425,4.2,102990.0,Intel Core i7 Processor,  Windows 10  ,1000,Lenovo,DDR4 ,16,15.6
426,4.2,35590.0,AMD Ryzen 3 Dual Core Processor,  Windows 11  ,512,Lenovo,DDR4 ,8,15.6
427,4.9,150990.0,AMD Ryzen 9 Octa Core Processor,Windows 11  ,1000,ASUS,DDR4 ,16,15.6
428,4.3,35990.0,Intel Core i3 Processor,  DOS  ,256,ASUS,DDR4 ,4,15.6
429,4.4,52575.0,AMD Ryzen 5 Quad Core Processor,  Windows 10  ,512,HP,DDR4 ,8,15.6
430,4.5,73490.0,AMD Ryzen 7 Octa Core Processor,  Windows 11  ,512,Lenovo,DDR4 ,8,15.6
431,4.3,194990.0,AMD Ryzen 9 Octa Core Processor,  Windows 11  ,1000,ASUS,DDR5 ,16,15.6
432,4.0,50990.0,AMD Ryzen 5 Quad Core Processor,  Windows 11  ,512,DELL,DDR4 ,8,15.6
433,4.3,60125.0,Intel Core i5 Processor,Windows 10  ,512,Lenovo,DDR4 ,16,15.6
434,3.9,26490.0,Intel Celeron Dual Core Processor,  Windows 10  ,256,Lenovo,DDR4 ,4,11.6
435,4.3,80249.0,AMD Ryzen 7 Octa Core Processor,  Windows 11  ,512,HP,DDR4 ,8,16.1
436,4.2,36990.0,Intel Core i3 Processor,  Windows 11  ,256,Lenovo,DDR4 ,8,15.6
437,4.2,39990.0,Intel Core i3 Processor,  Windows 11  ,512,Lenovo,DDR4 ,8,15.6
438,4.5,129999.0,Intel Core i5 Processor,  Windows 10  ,128,acer,DDR4 ,128,15.6
439,4.3,76990.0,AMD Ryzen 7 Octa Core Processor,  Windows 10  ,1000,ASUS,DDR4 ,8,15.6
440,4.1,39990.0,Intel Core i5 Processor,Windows 11  ,512,RedmiBook,DDR4 ,8,15.6
441,4.3,196990.0,AMD Ryzen 9 Octa Core Processor,Windows 11  ,1000,ASUS,DDR5 ,16,15.6
442,4.2,36990.0,Intel Core i3 Processor,  Windows 10  ,512,ASUS,DDR4 ,8,15.6
443,4.6,107790.0,Intel Core i7 Processor,  Windows 10  ,512,MSI,DDR4 ,16,15.6
444,4.2,75990.0,Intel Core i5 Processor,  Windows 11  ,512,DELL,DDR4 ,16,15.6
445,4.5,95990.0,Intel Core i5 Processor,  Windows 10  ,512,ASUS,LPDDR4X,16,15.6
446,4.2,38705.0,AMD Ryzen 5 Quad Core Processor,  Windows 11  ,512,Lenovo,DDR4 ,8,15.6
447,4.6,85990.0,AMD Ryzen 7 Octa Core Processor,Windows 11  ,1000,ASUS,DDR4 ,16,15.6
448,3.7,61999.0,Intel Core i5 Processor,  Windows 11  ,512,acer,DDR4 ,8,15.6
449,4.3,28990.0,Intel Celeron Dual Core Processor,  Windows 11  ,256,HP,DDR4 ,8,15.6
450,4.2,35590.0,AMD Ryzen 3 Dual Core Processor,  Windows 11  ,512,Lenovo,DDR4 ,8,15.6
451,4.9,150990.0,AMD Ryzen 9 Octa Core Processor,Windows 11  ,1000,ASUS,DDR4 ,16,15.6
452,4.3,54990.0,Intel Core i5 Processor,  Windows 10  ,512,Lenovo,DDR4 ,8,15.6
453,4.3,56990.0,Intel Core i7 Processor,Windows 11  ,512,ASUS,DDR4 ,16,15.6
454,5.0,45990.0,Intel Core i5 Processor,Windows 11  ,256,ASUS,DDR4 ,8,15.6
455,4.3,38216.0,Intel Core i3 Processor,  Windows 11  ,512,ASUS,DDR4 ,8,14.1
456,4.2,36990.0,Intel Core i3 Processor,  Windows 11  ,256,Lenovo,DDR4 ,8,15.6
457,4.2,39990.0,Intel Core i3 Processor,  Windows 11  ,512,Lenovo,DDR4 ,8,15.6
458,4.1,79990.0,Intel Core i7 Processor,  Windows 11  ,512,MSI,DDR4 ,8,15.6
459,4.6,43990.0,Intel Core i3 Processor,Windows 10  ,256,DELL,DDR4 ,4,15.6
460,4.1,39990.0,Intel Core i5 Processor,Windows 11  ,512,RedmiBook,DDR4 ,8,15.6
461,4.3,196990.0,AMD Ryzen 9 Octa Core Processor,Windows 11  ,1000,ASUS,DDR5 ,16,15.6
462,4.3,108250.0,AMD Ryzen 7 Octa Core Processor,  Windows 11  ,1000,HP,DDR4 ,16,16.1
463,3.7,28990.0,Intel Core i3 Processor,  Windows 10  ,512,ASUS,DDR4 ,4,15.6
464,4.3,389990.0,Intel Core i9 Processor,  Windows 11  ,2000,MSI,DDR5 ,32,17.3
465,3.7,67224.0,Intel Core i5 Processor,  Windows 11  ,512,DELL,DDR4 ,16,15.6
466,4.2,38705.0,AMD Ryzen 5 Quad Core Processor,  Windows 11  ,512,Lenovo,DDR4 ,8,15.6
467,4.6,85990.0,AMD Ryzen 7 Octa Core Processor,Windows 11  ,1000,ASUS,DDR4 ,16,15.6
468,4.4,114990.0,AMD Ryzen 7 Octa Core Processor,  Windows 10  ,256,acer,DDR4 ,16,15.6
469,4.3,61249.0,Intel Core i5 Processor,  Windows 10  ,512,ASUS,DDR4 ,4,15.6
470,4.2,35590.0,AMD Ryzen 3 Dual Core Processor,  Windows 11  ,512,Lenovo,DDR4 ,8,15.6
471,4.9,150990.0,AMD Ryzen 9 Octa Core Processor,Windows 11  ,1000,ASUS,DDR4 ,16,15.6
472,4.2,69990.0,Intel Core i5 Processor,  Windows 11  ,512,HP,DDR4 ,16,15.6
473,4.5,69990.0,AMD Ryzen 5 Hexa Core Processor,  DOS  ,512,Lenovo,DDR4 ,8,15.6
474,4.3,79990.0,Intel Core i5 Processor,  Windows 11  ,512,Lenovo,DDR4 ,16,15.6
475,4.4,37990.0,AMD Ryzen 3 Dual Core Processor,  Windows 10  ,256,Lenovo,DDR4 ,8,15.6
476,4.5,73490.0,AMD Ryzen 7 Octa Core Processor,  Windows 11  ,512,Lenovo,DDR4 ,8,15.6
477,4.3,194990.0,AMD Ryzen 9 Octa Core Processor,  Windows 11  ,1000,ASUS,DDR5 ,16,15.6
478,4.2,36990.0,Intel Core i5 Processor,  Windows 11  ,512,Infinix,LPDDR4X,8,15.6
479,4.2,29980.0,Intel Celeron Dual Core Processor,  Windows 11  ,128,ASUS,DDR4 ,4,11.6
480,4.2,36990.0,Intel Core i3 Processor,  Windows 11  ,256,Lenovo,DDR4 ,8,15.6
481,4.1,39990.0,Intel Core i5 Processor,Windows 11  ,512,RedmiBook,DDR4 ,8,15.6
482,4.5,95990.0,Intel Core i5 Processor,  Windows 10  ,512,ASUS,LPDDR4X,16,15.6
483,4.2,41600.0,AMD Ryzen 3 Dual Core Processor,  Windows 11  ,512,DELL,DDR4 ,8,15.6
484,3.7,67224.0,Intel Core i5 Processor,  Windows 11  ,512,DELL,DDR4 ,16,15.6
485,4.3,61986.0,Intel Core i5 Processor,  Windows 11  ,512,ASUS,DDR4 ,8,15.6
486,4.3,196990.0,AMD Ryzen 9 Octa Core Processor,Windows 11  ,1000,ASUS,DDR5 ,16,15.6
487,4.2,38705.0,AMD Ryzen 5 Quad Core Processor,  Windows 11  ,512,Lenovo,DDR4 ,8,15.6
488,4.3,61249.0,Intel Core i5 Processor,  Windows 10  ,512,ASUS,DDR4 ,4,15.6
489,4.3,38999.0,AMD Ryzen 3 Dual Core Processor,  Windows 11  ,256,HP,DDR4 ,8,15.6
490,4.6,85990.0,AMD Ryzen 7 Octa Core Processor,Windows 11  ,1000,ASUS,DDR4 ,16,15.6
491,4.2,35590.0,AMD Ryzen 3 Dual Core Processor,  Windows 11  ,512,Lenovo,DDR4 ,8,15.6
492,4.3,31990.0,Intel Core i3 Processor,Windows 11  ,256,Lenovo,DDR4 ,4,15.6
493,4.4,37990.0,AMD Ryzen 3 Dual Core Processor,  Windows 10  ,256,Lenovo,DDR4 ,8,15.6
494,4.2,29980.0,Intel Celeron Dual Core Processor,  Windows 11  ,128,ASUS,DDR4 ,4,11.6
495,4.1,46990.0,Intel Core i5 Processor,  Windows 11  ,512,ASUS,DDR4 ,8,15.6
496,4.9,150990.0,AMD Ryzen 9 Octa Core Processor,Windows 11  ,1000,ASUS,DDR4 ,16,15.6
497,4.5,73490.0,AMD Ryzen 7 Octa Core Processor,  Windows 11  ,512,Lenovo,DDR4 ,8,15.6
498,4.1,37990.0,Intel Core i5 Processor,  Windows 11  ,512,Infinix,LPDDR4X,8,15.6
499,4.2,36990.0,Intel Core i5 Processor,  Windows 11  ,512,Infinix,LPDDR4X,8,15.6
500,4.2,39990.0,Intel Core i3 Processor,  Windows 11  ,512,Lenovo,DDR4 ,8,15.6
501,4.3,194990.0,AMD Ryzen 9 Octa Core Processor,  Windows 11  ,1000,ASUS,DDR5 ,16,15.6
502,4.5,61490.0,AMD Ryzen 5 Hexa Core Processor,  Windows 10  ,256,acer,DDR4 ,8,15.6
503,4.6,109990.0,AMD Ryzen 7 Octa Core Processor,  Windows 10  ,1000,HP,DDR4 ,16,15.6
504,4.2,54990.0,AMD Ryzen 5 Hexa Core Processor,  Windows 11  ,512,HP,DDR4 ,8,15.6
505,4.0,50990.0,AMD Ryzen 5 Hexa Core Processor,  Windows 10  ,512,Lenovo,DDR4 ,8,15.6
506,4.2,36990.0,Intel Core i3 Processor,  Windows 11  ,256,Lenovo,DDR4 ,8,15.6
507,4.1,39990.0,Intel Core i5 Processor,Windows 11  ,512,RedmiBook,DDR4 ,8,15.6
508,4.2,62190.0,Intel Core i5 Processor,  Windows 10  ,512,MSI,DDR4 ,8,15.6
509,4.0,24390.0,Intel Celeron Dual Core Processor,Chrome  ,512,ASUS,LPDDR4 ,4,15.6
510,4.3,196990.0,AMD Ryzen 9 Octa Core Processor,Windows 11  ,1000,ASUS,DDR5 ,16,15.6
511,4.2,38705.0,AMD Ryzen 5 Quad Core Processor,  Windows 11  ,512,Lenovo,DDR4 ,8,15.6
512,3.9,36990.0,Intel Core i3 Processor,  Windows 11  ,512,Lenovo,DDR4 ,8,15.6
513,4.6,159990.0,AMD Ryzen 7 Octa Core Processor,  Windows 10  ,1000,HP,DDR4 ,16,15.6
514,4.0,34490.0,Intel Core i3 Processor,  Windows 11  ,256,ASUS,DDR4 ,4,15.6
515,4.4,99990.0,AMD Ryzen 9 Octa Core Processor,Windows 11  ,512,ASUS,DDR4 ,16,16.6
516,4.6,85990.0,AMD Ryzen 7 Octa Core Processor,Windows 11  ,1000,ASUS,DDR4 ,16,15.6
517,4.2,35590.0,AMD Ryzen 3 Dual Core Processor,  Windows 11  ,512,Lenovo,DDR4 ,8,15.6
518,4.4,79990.0,Intel Core i5 Processor,  Windows 11  ,512,ASUS,LPDDR4X,8,13.3
519,4.2,20990.0,Intel Celeron Quad Core Processor,  Windows 11  ,128,Infinix,LPDDR4X,4,15.6
520,4.9,150990.0,AMD Ryzen 9 Octa Core Processor,Windows 11  ,1000,ASUS,DDR4 ,16,15.6
521,4.2,39990.0,Intel Core i3 Processor,  Windows 11  ,512,Lenovo,DDR4 ,8,15.6
522,4.1,41490.0,Intel Core i3 Processor,  Windows 11  ,256,HP,DDR4 ,8,15.6
523,4.3,206581.0,AMD Ryzen 7 Octa Core Processor,Windows 11  ,1000,DELL,DDR5 ,16,15.6
524,4.3,59990.0,AMD Ryzen 5 Hexa Core Processor,Windows 11  ,512,ASUS,DDR4 ,8,15.6
525,4.3,62990.0,Intel Core i5 Processor,  Windows 11  ,512,acer,DDR4 ,16,15.6
526,4.3,194990.0,AMD Ryzen 9 Octa Core Processor,  Windows 11  ,1000,ASUS,DDR5 ,16,15.6
527,4.3,44990.0,AMD Ryzen 5 Hexa Core Processor,  Windows 11  ,512,Lenovo,DDR4 ,8,15.6
528,4.3,194990.0,AMD Ryzen 9 Octa Core Processor,  Windows 11  ,1000,ASUS,DDR5 ,16,15.6
529,4.4,62990.0,AMD Ryzen 5 Hexa Core Processor,Windows 10  ,256,ASUS,DDR4 ,8,15.6
530,4.1,39990.0,Intel Core i5 Processor,Windows 11  ,512,RedmiBook,DDR4 ,8,15.6
531,4.3,196990.0,AMD Ryzen 9 Octa Core Processor,Windows 11  ,1000,ASUS,DDR5 ,16,15.6
532,4.5,61990.0,AMD Ryzen 5 Hexa Core Processor,  Windows 10  ,512,Lenovo,DDR4 ,8,15.6
533,4.0,105990.0,AMD Ryzen 7 Octa Core Processor,Windows 11  ,1000,ASUS,DDR5 ,16,15.6
534,5.0,155490.0,Intel Core i7 Processor,  Windows 11  ,1000,acer,DDR5 ,16,15.6
535,4.3,19990.0,Intel Celeron Dual Core Processor,Windows 11  ,128,Ultimus,LPDDR4 ,4,14.1
536,4.2,38705.0,AMD Ryzen 5 Quad Core Processor,  Windows 11  ,512,Lenovo,DDR4 ,8,15.6
537,4.6,85990.0,AMD Ryzen 7 Octa Core Processor,Windows 11  ,1000,ASUS,DDR4 ,16,15.6
538,3.9,33499.0,Intel Core i3 Processor,  Windows 10  ,512,Lenovo,DDR4 ,4,15.6
539,4.3,42990.0,Intel Core i5 Processor,  Windows 11  ,512,Infinix,LPDDR4X,8,15.6
540,4.2,35590.0,AMD Ryzen 3 Dual Core Processor,  Windows 11  ,512,Lenovo,DDR4 ,8,15.6
541,4.9,150990.0,AMD Ryzen 9 Octa Core Processor,Windows 11  ,1000,ASUS,DDR4 ,16,15.6
542,3.9,63990.0,Intel Core i5 Processor,  Windows 11  ,512,HP,DDR4 ,8,15.6
543,4.4,124990.0,Intel Core i9 Processor,  Windows 11  ,1000,acer,DDR4 ,16,15.6
544,4.5,21990.0,Intel Celeron Dual Core Processor,  Windows 11  ,512,ASUS,DDR4 ,4,11.6
545,5.0,30100.0,Intel Celeron Dual Core Processor,  Windows 10  ,256,Lenovo,DDR4 ,4,15.6
546,4.2,36990.0,Intel Core i3 Processor,  Windows 11  ,256,Lenovo,DDR4 ,8,15.6
547,4.2,39990.0,Intel Core i3 Processor,  Windows 11  ,512,Lenovo,DDR4 ,8,15.6
548,4.3,199990.0,Intel Core i7 Processor,  Windows 11  ,1000,HP,DDR5 ,32,17.3
549,4.5,61130.0,Intel Core i5 Processor,  Windows 11  ,256,acer,DDR4 ,8,15.6
550,4.3,194990.0,AMD Ryzen 9 Octa Core Processor,  Windows 11  ,1000,ASUS,DDR5 ,16,15.6
551,4.3,44990.0,AMD Ryzen 5 Hexa Core Processor,  Windows 11  ,512,Lenovo,DDR4 ,8,15.6
552,4.3,40990.0,Intel Core i3 Processor,Windows 11  ,256,Lenovo,DDR4 ,8,15.6
553,4.4,75990.0,Intel Core i5 Processor,  Windows 10  ,1000,ASUS,DDR4 ,8,15.6
554,4.3,46890.0,Intel Core i3 Processor,  Windows 11  ,512,HP,DDR4 ,8,15.6
555,4.3,37390.0,Intel Core i3 Processor,  Windows 11  ,256,Lenovo,DDR4 ,8,15.6
556,4.2,36990.0,Intel Core i3 Processor,  Windows 11  ,256,Lenovo,DDR4 ,8,15.6
557,4.2,39990.0,Intel Core i3 Processor,  Windows 11  ,512,Lenovo,DDR4 ,8,15.6
558,4.3,68490.0,Intel Core i5 Processor,  Windows 11  ,512,Lenovo,DDR4 ,16,15.6
559,4.0,19990.0,Intel Celeron Dual Core Processor,  Windows 11  ,512,ASUS,DDR4 ,4,11.6
560,4.1,39990.0,Intel Core i5 Processor,Windows 11  ,512,RedmiBook,DDR4 ,8,15.6
561,4.3,196990.0,AMD Ryzen 9 Octa Core Processor,Windows 11  ,1000,ASUS,DDR5 ,16,15.6
562,3.8,89990.0,Intel Core i7 Processor,Windows 11  ,512,ASUS,DDR4 ,16,15.6
563,4.0,59790.0,Intel Core i5 Processor,Windows 11  ,512,DELL,DDR4 ,8,15.6
564,4.1,125990.0,Intel Core i9 Processor,  Windows 11  ,1000,MSI,DDR4 ,16,15.6
565,4.3,249990.0,AMD Ryzen 7 Octa Core Processor,  Windows 11  ,2000,ASUS,DDR5 ,32,15.6
566,4.2,38705.0,AMD Ryzen 5 Quad Core Processor,  Windows 11  ,512,Lenovo,DDR4 ,8,15.6
567,4.6,85990.0,AMD Ryzen 7 Octa Core Processor,Windows 11  ,1000,ASUS,DDR4 ,16,15.6
568,4.0,149990.0,AMD Ryzen 7 Octa Core Processor,  Windows 11  ,1000,ASUS,DDR5 ,16,15.6
569,4.8,36990.0,Intel Pentium Quad Core Processor,  Windows 11  ,256,DELL,DDR4 ,8,15.6
570,4.2,35590.0,AMD Ryzen 3 Dual Core Processor,  Windows 11  ,512,Lenovo,DDR4 ,8,15.6
571,4.9,150990.0,AMD Ryzen 9 Octa Core Processor,Windows 11  ,1000,ASUS,DDR4 ,16,15.6
572,4.3,85990.0,Intel Core i5 Processor,  Windows 10  ,512,ASUS,DDR4 ,16,15.6
573,4.2,60990.0,AMD Ryzen 7 Octa Core Processor,  Windows 10  ,512,HP,DDR4 ,8,15.6
574,4.4,87900.0,Intel Core i5 Processor,  Windows 11  ,512,DELL,DDR5 ,8,15.6
575,4.0,27490.0,AMD Dual Core Processor,  Windows 10  ,512,Lenovo,DDR4 ,4,15.6
576,4.8,36990.0,Intel Pentium Quad Core Processor,  Windows 11  ,256,DELL,DDR4 ,8,15.6
577,4.3,249990.0,AMD Ryzen 7 Octa Core Processor,  Windows 11  ,2000,ASUS,DDR5 ,32,15.6
578,4.0,149990.0,AMD Ryzen 7 Octa Core Processor,  Windows 11  ,1000,ASUS,DDR5 ,16,15.6
579,4.1,39990.0,Intel Core i5 Processor,Windows 11  ,512,RedmiBook,DDR4 ,8,15.6
580,3.7,28999.0,AMD Ryzen 3 Dual Core Processor,  Windows 11  ,512,HP,DDR4 ,8,15.6
581,4.4,87900.0,Intel Core i5 Processor,  Windows 11  ,512,DELL,DDR5 ,8,15.6
582,4.5,117990.0,Intel Core i7 Processor,Windows 10  ,512,acer,DDR4 ,16,15.6
583,4.2,38705.0,AMD Ryzen 5 Quad Core Processor,  Windows 11  ,512,Lenovo,DDR4 ,8,15.6
584,4.3,85990.0,Intel Core i5 Processor,  Windows 10  ,512,ASUS,DDR4 ,16,15.6
585,4.3,61497.0,Intel Core i5 Processor,  Windows 11  ,256,DELL,DDR4 ,8,15.6
586,4.3,70400.0,AMD Ryzen 5 Hexa Core Processor,  Windows 11  ,512,HP,DDR4 ,8,16.1
587,4.3,196990.0,AMD Ryzen 9 Octa Core Processor,Windows 11  ,1000,ASUS,DDR5 ,16,15.6
588,4.0,69000.0,Intel Core i5 Processor,Windows 10  ,512,Lenovo,DDR4 ,16,15.6
589,3.7,64490.0,AMD Ryzen 5 Hexa Core Processor,  Windows 11  ,512,Lenovo,DDR4 ,8,15.6
590,4.3,149990.0,AMD Ryzen 7 Octa Core Processor,  Windows 11  ,1000,ASUS,DDR5 ,16,15.6
591,4.6,85990.0,AMD Ryzen 7 Octa Core Processor,Windows 11  ,1000,ASUS,DDR4 ,16,15.6
592,4.3,96579.0,AMD Ryzen 5 Hexa Core Processor,  Windows 11  ,512,HP,DDR5 ,8,16.1
593,4.2,101990.0,Intel Core i7 Processor,  Windows 11  ,512,DELL,DDR4 ,16,15.6
594,3.8,89990.0,Intel Core i7 Processor,Windows 11  ,512,ASUS,DDR4 ,16,15.6
595,4.2,35590.0,AMD Ryzen 3 Dual Core Processor,  Windows 11  ,512,Lenovo,DDR4 ,8,15.6
596,4.3,94990.0,AMD Ryzen 7 Octa Core Processor,  Windows 11  ,512,HP,DDR5 ,8,16.1
597,4.3,314990.0,Intel Core i7 Processor,  Windows 11  ,2000,MSI,DDR5 ,32,17.3
598,4.3,46900.0,Intel Core i3 Processor,Windows 11  ,256,DELL,DDR4 ,8,15.6
599,4.9,150990.0,AMD Ryzen 9 Octa Core Processor,Windows 11  ,1000,ASUS,DDR4 ,16,15.6
600,4.2,36990.0,Intel Core i3 Processor,  Windows 11  ,256,Lenovo,DDR4 ,8,15.6
601,4.2,39990.0,Intel Core i3 Processor,  Windows 11  ,512,Lenovo,DDR4 ,8,15.6
602,4.3,331990.0,Intel Core i9 Processor,  Windows 11  ,2000,ASUS,DDR5 ,32,15.6
603,4.6,116490.0,Intel Core i7 Processor,  Windows 11  ,1000,DELL,DDR5 ,16,15.6
604,4.3,64590.0,AMD Ryzen 3 Hexa Core Processor,Windows 10  ,512,HP,DDR4 ,8,15.6
605,3.9,137990.0,Intel Core i7 Processor,  Windows 11  ,1000,DELL,DDR5 ,16,15.6
606,4.1,39990.0,Intel Core i5 Processor,Windows 11  ,512,RedmiBook,DDR4 ,8,15.6
607,4.3,196990.0,AMD Ryzen 9 Octa Core Processor,Windows 11  ,1000,ASUS,DDR5 ,16,15.6
608,4.1,55690.0,Intel Core i5 Processor,  Windows 10  ,512,DELL,DDR4 ,8,15.6
609,4.2,109990.0,Intel Core i7 Processor,  Windows 10  ,512,Lenovo,DDR4 ,16,15.6
610,4.2,38705.0,AMD Ryzen 5 Quad Core Processor,  Windows 11  ,512,Lenovo,DDR4 ,8,15.6
611,4.6,85990.0,AMD Ryzen 7 Octa Core Processor,Windows 11  ,1000,ASUS,DDR4 ,16,15.6
612,4.3,79990.0,Intel Core i7 Processor,Windows 10  ,256,ASUS,DDR4 ,8,15.6
613,4.3,130500.0,AMD Ryzen 9 Octa Core Processor,  Windows 11  ,1000,ASUS,DDR4 ,16,15.6
614,4.3,361990.0,AMD Ryzen 9 Octa Core Processor,  Windows 11  ,2000,ASUS,DDR5 ,32,15.6
615,4.3,211990.0,AMD Ryzen 9 Octa Core Processor,Windows 11  ,1000,ASUS,DDR5 ,16,15.6
616,4.2,35590.0,AMD Ryzen 3 Dual Core Processor,  Windows 11  ,512,Lenovo,DDR4 ,8,15.6
617,4.9,150990.0,AMD Ryzen 9 Octa Core Processor,Windows 11  ,1000,ASUS,DDR4 ,16,15.6
618,4.4,39890.0,Intel Core i3 Processor,  Windows 10  ,256,DELL,DDR4 ,4,15.6
619,3.7,139990.0,Intel Core i7 Processor,  Windows 11  ,1000,MSI,DDR4 ,16,15.6
620,4.5,73490.0,AMD Ryzen 7 Octa Core Processor,  Windows 11  ,512,Lenovo,DDR4 ,8,15.6
621,4.3,194990.0,AMD Ryzen 9 Octa Core Processor,  Windows 11  ,1000,ASUS,DDR5 ,16,15.6
622,4.5,99990.0,Intel Core i7 Processor,  Windows 10  ,256,MSI,DDR4 ,16,15.6
623,4.5,66700.0,Intel Core i5 Processor,  Windows 10  ,512,HP,DDR4 ,16,15.6
624,4.3,68990.0,Intel Core i5 Processor,  Windows 10  ,256,DELL,DDR4 ,8,15.6
625,4.3,434830.0,Intel Core i9 Processor,  Windows 11  ,1000,DELL,DDR4 ,32,17.3
626,4.2,36990.0,Intel Core i3 Processor,  Windows 11  ,256,Lenovo,DDR4 ,8,15.6
627,4.2,39990.0,Intel Core i3 Processor,  Windows 11  ,512,Lenovo,DDR4 ,8,15.6
628,4.6,345390.0,Intel Core i9 Processor,  Windows 10  ,1000,ALIENWARE,DDR4 ,32,15.6
629,4.3,105822.0,Intel Core i7 Processor,  Windows 11  ,512,HP,DDR4 ,16,15.6
630,4.1,39990.0,Intel Core i5 Processor,Windows 11  ,512,RedmiBook,DDR4 ,8,15.6
631,4.3,196990.0,AMD Ryzen 9 Octa Core Processor,Windows 11  ,1000,ASUS,DDR5 ,16,15.6
632,3.6,28490.0,Intel Celeron Dual Core Processor,  Chrome  ,512,Lenovo,LPDDR4X,4,11.6
633,4.2,66990.0,Intel Core i5 Processor,  Windows 10  ,512,Lenovo,DDR4 ,16,15.6
634,3.5,86999.0,Intel Core i5 Processor,  Windows 11  ,512,acer,DDR4 ,8,15.6
635,4.3,36990.0,Intel Core i3 Processor,  Windows 10  ,256,ASUS,DDR4 ,8,15.6
636,4.2,38705.0,AMD Ryzen 5 Quad Core Processor,  Windows 11  ,512,Lenovo,DDR4 ,8,15.6
637,4.6,85990.0,AMD Ryzen 7 Octa Core Processor,Windows 11  ,1000,ASUS,DDR4 ,16,15.6
638,3.7,23250.0,Intel Celeron Dual Core Processor,  Windows 11  ,256,Lenovo,DDR4 ,4,11.6
639,4.3,42390.0,Intel Core i3 Processor,  Windows 10  ,256,DELL,DDR4 ,8,15.6
640,4.2,35590.0,AMD Ryzen 3 Dual Core Processor,  Windows 11  ,512,Lenovo,DDR4 ,8,15.6
641,4.9,150990.0,AMD Ryzen 9 Octa Core Processor,Windows 11  ,1000,ASUS,DDR4 ,16,15.6
642,4.2,58990.0,Intel Core i5 Processor,  Windows 10  ,512,Lenovo,DDR4 ,8,15.6
643,4.8,110990.0,Intel Core i7 Processor,  Windows 10  ,1000,ASUS,DDR4 ,16,15.6
644,4.6,74590.0,Intel Core i5 Processor,  Windows 10  ,128,acer,DDR4 ,8,15.6
645,4.7,71990.0,AMD Ryzen 5 Hexa Core Processor,  Windows 11  ,512,DELL,DDR4 ,8,15.6
646,4.3,194990.0,AMD Ryzen 9 Octa Core Processor,  Windows 11  ,1000,ASUS,DDR5 ,16,15.6
647,4.3,44990.0,AMD Ryzen 5 Hexa Core Processor,  Windows 11  ,512,Lenovo,DDR4 ,8,15.6
648,4.3,84990.0,Intel Core i5 Processor,  Windows 10  ,512,Lenovo,DDR4 ,16,15.6
649,4.3,119990.0,AMD Ryzen 7 Octa Core Processor,Windows 11  ,1000,ASUS,LPDDR5 ,16,13.3
650,4.2,36990.0,Intel Core i3 Processor,  Windows 11  ,256,Lenovo,DDR4 ,8,15.6
651,4.2,39990.0,Intel Core i3 Processor,  Windows 11  ,512,Lenovo,DDR4 ,8,15.6
652,4.3,214990.0,Intel Core i7 Processor,  Windows 10  ,1000,MSI,DDR4 ,32,15.6
653,4.2,48790.0,Intel Core i3 Processor,  Windows 10  ,512,MSI,DDR4 ,8,15.6
654,4.3,76000.0,AMD Ryzen 7 Octa Core Processor,  Windows 11  ,512,DELL,DDR4 ,16,15.6
655,5.0,224990.0,AMD Ryzen 9 Octa Core Processor,  Windows 10  ,1000,ASUS,LPDDR4X,32,13.4
656,4.1,39990.0,Intel Core i5 Processor,Windows 11  ,512,RedmiBook,DDR4 ,8,15.6
657,4.3,196990.0,AMD Ryzen 9 Octa Core Processor,Windows 11  ,1000,ASUS,DDR5 ,16,15.6
658,4.1,49990.0,Intel Core i3 Processor,  Windows 11  ,512,Infinix,LPDDR4X,8,15.6
659,4.3,164990.0,Intel Core i7 Processor,  Windows 11  ,512,ASUS,LPDDR5 ,16,13.4
660,4.2,38705.0,AMD Ryzen 5 Quad Core Processor,  Windows 11  ,512,Lenovo,DDR4 ,8,15.6
661,4.6,85990.0,AMD Ryzen 7 Octa Core Processor,Windows 11  ,1000,ASUS,DDR4 ,16,15.6
662,3.9,31490.0,AMD Ryzen 3 Dual Core Processor,  Windows 11  ,256,HP,DDR4 ,8,15.6
663,4.3,48077.0,Intel Core i3 Processor,  Windows 11  ,512,DELL,DDR4 ,8,15.6
664,4.6,154990.0,AMD Ryzen 9 Octa Core Processor,Windows 10  ,1000,ASUS,DDR4 ,16,15.6
665,4.6,224990.0,Intel Core i7 Processor,  Windows 10  ,1000,ASUS,DDR4 ,32,15.6
666,4.2,35590.0,AMD Ryzen 3 Dual Core Processor,  Windows 11  ,512,Lenovo,DDR4 ,8,15.6
667,4.9,150990.0,AMD Ryzen 9 Octa Core Processor,Windows 11  ,1000,ASUS,DDR4 ,16,15.6
668,3.9,44990.0,Intel Core i5 Processor,  Windows 10  ,512,ASUS,DDR4 ,8,15.6
669,4.4,65990.0,Intel Core i5 Processor,  Windows 10  ,512,ASUS,DDR4 ,8,15.6
670,4.5,73490.0,AMD Ryzen 7 Octa Core Processor,  Windows 11  ,512,Lenovo,DDR4 ,8,15.6
671,4.3,194990.0,AMD Ryzen 9 Octa Core Processor,  Windows 11  ,1000,ASUS,DDR5 ,16,15.6
672,3.9,31990.0,Intel Core i3 Processor,  Windows 10  ,512,ASUS,DDR4 ,8,14.1
673,5.0,38980.0,Intel Core i3 Processor,Windows 10  ,256,Lenovo,DDR4 ,8,15.6
674,4.4,68990.0,AMD Ryzen 5 Hexa Core Processor,  Windows 10  ,512,HP,DDR4 ,8,15.6
675,4.0,43090.0,Intel Core i3 Processor,  Windows 10  ,256,DELL,DDR4 ,8,15.6
676,4.2,39990.0,Intel Core i3 Processor,  Windows 11  ,512,Lenovo,DDR4 ,8,15.6
677,4.1,39990.0,Intel Core i5 Processor,Windows 11  ,512,RedmiBook,DDR4 ,8,15.6
678,4.6,154990.0,AMD Ryzen 9 Octa Core Processor,Windows 10  ,1000,ASUS,DDR4 ,16,15.6
679,4.4,65990.0,Intel Core i5 Processor,  Windows 10  ,512,ASUS,DDR4 ,8,15.6
680,4.3,196990.0,AMD Ryzen 9 Octa Core Processor,Windows 11  ,1000,ASUS,DDR5 ,16,15.6
681,4.2,38705.0,AMD Ryzen 5 Quad Core Processor,  Windows 11  ,512,Lenovo,DDR4 ,8,15.6
682,4.3,49348.0,Intel Core i3 Processor,  Windows 11  ,512,DELL,DDR4 ,8,15.6
683,4.3,221774.0,Intel Core i7 Processor,  Windows 11  ,512,DELL,DDR5 ,16,15.6
684,4.0,73990.0,AMD Ryzen 5 Hexa Core Processor,  Windows 10  ,512,Lenovo,DDR4 ,8,15.6
685,4.3,77990.0,AMD Ryzen 7 Octa Core Processor,  Windows 11  ,512,DELL,DDR4 ,16,15.6
686,4.6,85990.0,AMD Ryzen 7 Octa Core Processor,Windows 11  ,1000,ASUS,DDR4 ,16,15.6
687,4.2,35590.0,AMD Ryzen 3 Dual Core Processor,  Windows 11  ,512,Lenovo,DDR4 ,8,15.6
688,4.1,214790.0,Intel Core i7 Processor,  Windows 10  ,1000,ALIENWARE,DDR4 ,16,15.6
689,4.9,199990.0,Intel Core i7 Processor,  Windows 10  ,512,ALIENWARE,DDR4 ,16,15.6
690,4.9,150990.0,AMD Ryzen 9 Octa Core Processor,Windows 11  ,1000,ASUS,DDR4 ,16,15.6
691,4.2,36990.0,Intel Core i3 Processor,  Windows 11  ,256,Lenovo,DDR4 ,8,15.6
692,4.3,48077.0,Intel Core i3 Processor,  Windows 11  ,512,DELL,DDR4 ,8,15.6
693,4.3,52414.0,AMD Ryzen 5 Hexa Core Processor,  Windows 11  ,512,DELL,DDR4 ,8,15.6
694,5.0,179990.0,Intel Core i7 Processor,  Windows 11  ,1000,ASUS,DDR5 ,16,15.6
695,4.1,25990.0,Intel Celeron Dual Core Processor,Chrome  ,512,ASUS,LPDDR4 ,4,15.6
696,4.2,36990.0,Intel Core i3 Processor,  Windows 11  ,256,Lenovo,DDR4 ,8,15.6
697,4.2,39990.0,Intel Core i3 Processor,  Windows 11  ,512,Lenovo,DDR4 ,8,15.6
698,4.3,80615.0,Intel Core i5 Processor,  Windows 11  ,512,DELL,DDR4 ,16,15.6
699,4.3,155990.0,AMD Ryzen 7 Octa Core Processor,  Windows 11  ,1000,ASUS,DDR5 ,16,15.6
700,4.1,39990.0,Intel Core i5 Processor,Windows 11  ,512,RedmiBook,DDR4 ,8,15.6
701,4.3,196990.0,AMD Ryzen 9 Octa Core Processor,Windows 11  ,1000,ASUS,DDR5 ,16,15.6
702,3.6,49990.0,Intel Core i7 Processor,  Windows 11  ,512,Infinix,LPDDR4X,16,15.6
703,4.6,157990.0,Intel Core i7 Processor,  Windows 11  ,1000,Lenovo,DDR4 ,16,15.6
704,4.3,92990.0,Intel Core i5 Processor,Windows 11  ,512,ASUS,DDR5 ,16,15.6
705,4.3,171990.0,AMD Ryzen 7 Octa Core Processor,  Windows 11  ,1000,ASUS,DDR5 ,16,15.6
706,4.2,38705.0,AMD Ryzen 5 Quad Core Processor,  Windows 11  ,512,Lenovo,DDR4 ,8,15.6
707,4.6,85990.0,AMD Ryzen 7 Octa Core Processor,Windows 11  ,1000,ASUS,DDR4 ,16,15.6
708,3.9,44990.0,Intel Core i5 Processor,  Windows 10  ,512,ASUS,DDR4 ,8,15.6
709,4.3,151990.0,AMD Ryzen 9 Octa Core Processor,Windows 11  ,1000,ASUS,LPDDR5 ,16,13.4
710,4.2,35590.0,AMD Ryzen 3 Dual Core Processor,  Windows 11  ,512,Lenovo,DDR4 ,8,15.6
711,4.9,150990.0,AMD Ryzen 9 Octa Core Processor,Windows 11  ,1000,ASUS,DDR4 ,16,15.6
712,4.3,233990.0,Intel Core i7 Processor,  Windows 10  ,2000,ASUS,LPDDR3 ,16,15.6
713,4.3,76590.0,Intel Core i5 Processor,  Windows 11  ,512,DELL,DDR5 ,16,13.3
714,4.6,90000.0,AMD Ryzen 7 Octa Core Processor,  Windows 10  ,512,HP,DDR4 ,16,15.6
715,4.0,23490.0,Intel Celeron Dual Core Processor,Chrome  ,512,ASUS,LPDDR4 ,4,11.6
716,4.5,73490.0,AMD Ryzen 7 Octa Core Processor,  Windows 11  ,512,Lenovo,DDR4 ,8,15.6
717,4.3,194990.0,AMD Ryzen 9 Octa Core Processor,  Windows 11  ,1000,ASUS,DDR5 ,16,15.6
718,3.0,125990.0,Intel Core i7 Processor,  Windows 11  ,512,ASUS,LPDDR5 ,16,15.6
719,4.2,50990.0,Intel Core i5 Processor,  Windows 10  ,256,Lenovo,DDR4 ,8,15.6
